source,target,time,distance
31,35,1861.8,27958.5
31,13,2156.4,45166.9
31,32,2176.2,29598.3
31,28,2223.2,47042.2
31,21,2298.8,32545.5
31,34,849.3,8353.4
31,3,1027.6,10382.6
31,10,1844.8,20624.8
31,14,1874.6,21110.4
31,29,1796.4,20481.0
31,50,1714.8,19174.8
31,42,1621.0,18607.7
31,20,2441.1,53812.8
31,6,2173.2,40959.6
31,37,1721.7,22686.3
31,7,2100.6,30768.4
31,8,771.6,8010.6
31,27,1022.6,9810.1
31,1,1327.1,14572.7
31,46,1230.4,14268.0
31,18,2462.4,42656.3
31,19,1777.3,23569.6
31,22,3426.5,38676.3
31,17,2071.7,37329.0
31,44,2401.7,41330.4
31,33,2303.6,37884.4
31,39,1232.5,16376.4
31,49,1472.4,19867.2
31,23,1273.9,17800.4
31,16,1171.5,15937.0
31,47,1568.7,20836.3
31,11,1447.6,19632.9
31,43,1399.6,19174.2
31,12,1572.2,20717.7
31,25,1744.3,22634.9
31,24,1431.4,19507.0
31,26,1586.9,19028.8
31,4,1896.1,25058.3
31,15,1700.8,21733.7
31,45,1920.3,25499.9
31,40,1930.0,24058.4
31,30,1934.6,34690.2
31,5,1642.1,19432.6
31,36,1939.5,24860.6
31,0,1153.2,14332.4
31,2,1282.5,15501.0
31,38,1511.2,19993.1
31,48,1685.2,19262.6
31,41,1877.1,26130.9
31,9,2025.0,36862.5
35,31,1727.3,27423.8
35,13,1083.3,26129.2
35,32,1080.6,26726.5
35,28,1082.0,26718.7
35,21,1011.8,23673.5
35,34,1478.4,22706.5
35,3,1309.4,21167.2
35,10,763.4,9533.7
35,14,706.4,8957.6
35,29,668.1,8264.2
35,50,681.6,8156.7
35,42,464.3,6383.1
35,20,885.5,19821.5
35,6,1486.1,34081.8
35,37,529.5,8290.2
35,7,392.6,3736.3
35,8,1517.2,21421.8
35,27,1414.4,19590.6
35,1,1303.7,13762.5
35,46,984.8,11397.0
35,18,1829.0,37031.3
35,19,511.1,6097.7
35,22,3378.1,50198.2
35,17,1823.0,45482.2
35,44,790.2,15331.7
35,33,692.1,11885.7
35,39,783.3,12623.9
35,49,1344.0,17612.0
35,23,1115.9,15586.9
35,16,783.1,13167.4
35,47,1313.0,17263.8
35,11,1195.7,16187.1
35,43,1155.5,15619.6
35,12,1134.4,15389.4
35,25,1317.4,19229.2
35,24,405.9,8462.9
35,26,824.4,12631.5
35,4,1416.9,20632.3
35,15,883.2,13441.9
35,45,1432.4,20850.7
35,40,1028.1,14979.5
35,30,1644.0,40216.9
35,5,860.3,12773.6
35,36,984.9,14572.8
35,0,844.1,13834.6
35,2,731.2,12286.5
35,38,654.2,11138.6
35,48,433.6,6043.7
35,41,534.3,5448.0
35,9,1776.3,45015.7
13,31,2257.2,46392.2
13,35,1059.1,25573.7
13,32,602.9,6808.6
13,28,375.6,3968.5
13,21,459.2,5384.7
13,34,1938.0,42700.8
13,3,1843.5,41829.9
13,10,1677.1,34181.0
13,14,1620.1,33605.0
13,29,1581.8,32911.5
13,50,1595.3,32804.0
13,42,1378.0,31030.4
13,20,665.0,12028.7
13,6,746.8,10093.1
13,37,1402.3,32619.2
13,7,1306.3,28383.6
13,8,2076.9,44300.4
13,27,2157.1,44422.3
13,1,2146.1,25413.1
13,46,1898.5,36044.3
13,18,1140.4,13595.6
13,19,1309.6,28187.1
13,22,2759.0,28772.4
13,17,1203.9,24056.4
13,44,1168.5,26033.4
13,33,1070.4,22587.3
13,39,1540.2,20142.5
13,49,1427.4,25061.4
13,23,1577.5,26989.7
13,16,1607.5,21258.1
13,47,1278.2,22801.2
13,11,1351.4,23458.1
13,43,1400.5,19493.5
13,12,1245.2,18050.3
13,25,1129.9,20917.6
13,24,1278.7,32792.0
13,26,1192.2,17086.6
13,4,989.3,19647.9
13,15,969.9,15417.6
13,45,861.0,18503.2
13,40,913.3,14462.0
13,30,1024.9,18791.1
13,5,1132.7,16574.3
13,36,735.2,12347.1
13,0,1668.5,21925.3
13,2,1517.7,21085.0
13,38,1081.5,16742.3
13,48,1347.3,30691.0
13,41,1276.5,30313.4
13,9,1157.2,23589.9
32,31,2194.4,28613.9
32,35,1134.4,27224.9
32,13,585.7,8389.1
32,28,401.5,5660.1
32,21,353.3,4805.8
32,34,1927.7,23902.4
32,3,1758.7,22363.2
32,10,1443.3,17667.9
32,14,1473.1,18153.5
32,29,1561.2,19131.2
32,50,1670.6,34455.2
32,42,1453.3,32681.5
32,20,740.3,13679.8
32,6,952.1,11463.5
32,37,1209.8,14993.2
32,7,1381.6,30034.8
32,8,1984.3,22612.0
32,27,1881.5,20780.7
32,1,1786.1,18514.8
32,46,1798.6,19512.0
32,18,1276.9,10966.0
32,19,1132.1,16334.3
32,22,2943.9,35562.1
32,17,1388.8,30846.1
32,44,1243.8,27684.5
32,33,1145.7,24238.5
32,39,1180.2,13244.2
32,49,1245.8,14717.1
32,23,1222.3,14891.5
32,16,1247.5,14359.8
32,47,1075.6,14292.0
32,11,1052.9,12826.0
32,43,1040.5,12595.3
32,12,885.2,11152.0
32,25,842.1,11881.6
32,24,973.4,12995.1
32,26,832.2,10188.4
32,4,941.6,13284.6
32,15,609.9,8519.3
32,45,957.1,13503.1
32,40,553.3,7563.7
32,30,1195.0,15771.3
32,5,772.7,9676.1
32,36,375.2,5448.9
32,0,1308.5,15027.0
32,2,1157.7,14186.7
32,38,721.5,9844.0
32,48,1422.6,32342.1
32,41,943.6,14612.7
32,9,1342.1,30379.6
28,31,2210.2,46335.1
28,35,1086.4,26801.7
28,13,341.5,4241.5
28,32,409.4,4279.4
28,21,206.3,2182.4
28,34,1891.0,42643.8
28,3,1796.5,41772.8
28,10,1600.0,21706.4
28,14,1629.8,22192.0
28,29,1609.1,34139.5
28,50,1622.6,34032.0
28,42,1405.3,32258.4
28,20,690.9,8086.8
28,6,725.8,8684.6
28,37,1366.5,19031.7
28,7,1333.6,29611.6
28,8,2029.9,44243.4
28,27,2038.2,24819.2
28,1,1942.8,22553.3
28,46,1925.8,37272.3
28,18,1119.4,12187.1
28,19,1288.8,20372.8
28,22,2712.0,28715.3
28,17,1156.9,23999.3
28,44,1195.8,27261.3
28,33,1097.7,23815.3
28,39,1336.9,17282.7
28,49,1380.4,25004.4
28,23,1379.0,18929.9
28,16,1404.2,18398.3
28,47,1231.2,22744.2
28,11,1209.6,16864.5
28,43,1197.2,16633.7
28,12,1041.9,15190.5
28,25,998.8,15920.0
28,24,1130.1,17033.6
28,26,988.9,14226.8
28,4,942.3,19590.9
28,15,766.6,12557.8
28,45,814.0,18446.1
28,40,710.0,11602.2
28,30,977.9,18734.0
28,5,929.4,13714.5
28,36,531.9,9487.3
28,0,1465.2,19065.5
28,2,1314.4,18225.2
28,38,878.2,13882.5
28,48,1374.6,31919.0
28,41,1100.3,18651.2
28,9,1110.2,23532.8
21,31,2271.2,31083.2
21,35,1053.1,23558.8
21,13,452.5,5282.4
21,32,355.9,4575.3
21,28,210.4,2185.2
21,34,2002.0,43684.7
21,3,1835.5,24832.5
21,10,1520.1,20137.2
21,14,1549.9,20622.8
21,29,1575.8,30896.7
21,50,1589.3,30789.1
21,42,1372.0,29015.5
21,20,555.4,6220.5
21,6,869.2,12097.6
21,37,1286.6,17462.5
21,7,1300.3,26368.8
21,8,2061.1,25081.3
21,27,1958.3,23250.0
21,1,1862.9,20984.1
21,46,1875.4,21981.3
21,18,1262.8,15600.1
21,19,1208.9,18803.6
21,22,2823.0,29756.3
21,17,1267.9,25040.3
21,44,1162.5,24018.5
21,33,1064.4,20572.4
21,39,1257.0,15713.5
21,49,1322.6,17186.4
21,23,1299.1,17360.8
21,16,1324.3,16829.1
21,47,1152.4,16761.3
21,11,1129.7,15295.3
21,43,1117.3,15064.6
21,12,962.0,13621.3
21,25,918.9,14350.9
21,24,1050.2,15464.4
21,26,909.0,12657.7
21,4,1018.4,15753.9
21,15,686.7,10988.7
21,45,925.0,19487.1
21,40,630.1,10033.0
21,30,1088.9,19775.0
21,5,849.5,12145.4
21,36,452.0,7918.2
21,0,1385.3,17496.3
21,2,1234.5,16656.0
21,38,798.3,12313.3
21,48,1341.3,28676.1
21,41,1020.4,17082.0
21,9,1221.2,24573.8
34,31,854.1,8364.5
34,35,1645.5,21776.0
34,13,1873.5,42273.2
34,32,1923.6,23279.9
34,28,1940.3,44148.5
34,21,2017.4,44674.3
34,3,297.3,2337.2
34,10,1637.0,17424.0
34,14,1666.8,17909.6
34,29,1754.9,18887.3
34,50,1781.1,17031.3
34,42,1687.3,16464.2
34,20,2158.2,50919.1
34,6,1890.3,38065.9
34,37,1505.4,16503.7
34,7,1884.3,24585.9
34,8,252.5,1882.7
34,27,442.9,3776.5
34,1,1393.4,12429.3
34,46,1296.7,12124.5
34,18,2179.5,39762.6
34,19,1561.0,17387.0
34,22,3143.6,35782.5
34,17,1788.8,34435.3
34,44,2185.4,35147.8
34,33,2087.3,31701.8
34,39,934.7,9142.2
34,49,1058.0,12722.3
34,23,859.5,10655.5
34,16,955.2,9754.5
34,47,1154.3,13691.4
34,11,1033.2,12488.0
34,43,985.2,12029.3
34,12,1157.8,13572.8
34,25,1329.9,15490.0
34,24,1215.1,13324.4
34,26,1255.5,13859.2
34,4,1481.7,17913.4
34,15,1477.6,16118.7
34,45,1505.9,18355.0
34,40,1611.6,17055.8
34,30,1651.7,31796.5
34,5,1365.7,14131.1
34,36,1723.2,18678.0
34,0,993.0,9843.8
34,2,1092.3,11154.4
34,38,1294.9,13810.5
34,48,1751.5,17119.1
34,41,1660.8,19948.4
34,9,1742.1,33968.8
3,31,1002.2,13134.6
3,35,1596.3,21063.3
3,13,1695.9,40670.8
3,32,1830.9,22391.0
3,28,1762.7,42546.1
3,21,1839.8,43071.9
3,34,282.3,2274.1
3,10,1587.8,16711.4
3,14,1617.6,17196.9
3,29,1705.7,18174.7
3,50,1791.6,16549.8
3,42,1697.8,15982.7
3,20,1980.6,49316.7
3,6,1712.7,36463.5
3,37,1456.2,15791.1
3,7,1835.1,23873.2
3,8,387.4,3068.8
3,27,393.7,3063.8
3,1,1382.7,12708.1
3,46,1307.2,11643.1
3,18,2001.9,38160.2
3,19,1511.8,16674.4
3,22,2966.0,34180.2
3,17,1611.2,32832.9
3,44,2136.2,34435.2
3,33,2038.1,30989.2
3,39,879.4,10038.7
3,49,965.3,11833.4
3,23,766.8,9766.6
3,16,887.0,10077.0
3,47,1061.6,12802.5
3,11,940.5,11599.1
3,43,892.5,11140.4
3,12,1065.1,12683.9
3,25,1237.2,14601.2
3,24,1165.9,12611.8
3,26,1162.8,12970.3
3,4,1389.0,17024.5
3,15,1384.9,15229.8
3,45,1413.2,17466.1
3,40,1518.9,16166.9
3,30,1474.1,30194.1
3,5,1273.0,13242.2
3,36,1674.0,17965.4
3,0,943.8,9131.2
3,2,1043.1,10441.8
3,38,1245.7,13097.9
3,48,1762.0,16637.6
3,41,1611.6,19235.7
3,9,1564.5,32366.4
10,31,1845.4,23639.9
10,35,834.6,9919.9
10,13,1755.5,35098.4
10,32,1427.5,17492.0
10,28,1598.3,21293.5
10,21,1550.1,20439.2
10,34,1596.5,18922.6
10,3,1427.5,17383.3
10,14,75.8,698.8
10,29,163.9,1676.5
10,50,282.1,2886.7
10,42,411.5,4187.4
10,20,1557.7,28790.8
10,6,2125.4,23415.2
10,37,860.0,8474.4
10,7,857.1,9704.4
10,8,1635.3,17637.9
10,27,1532.5,15806.7
10,1,1170.0,10734.0
10,46,851.1,8368.6
10,18,1984.1,20676.8
10,19,915.6,9357.7
10,22,3987.4,31938.2
10,17,2460.0,33973.1
10,44,1462.4,24301.0
10,33,1364.3,20855.0
10,39,898.1,8031.5
10,49,1427.3,13717.5
10,23,1199.2,11692.4
10,16,901.2,9383.5
10,47,1396.3,13369.3
10,11,1279.0,12292.6
10,43,1238.8,11725.1
10,12,1217.7,11494.9
10,25,1455.0,13707.3
10,24,502.3,4847.6
10,26,907.7,8737.0
10,4,1570.1,17604.9
10,15,966.5,9547.4
10,45,1585.6,17823.4
10,40,1181.3,11952.1
10,30,1823.5,20091.6
10,5,943.6,8879.1
10,36,1138.1,11545.5
10,0,806.8,7360.4
10,2,592.6,5462.0
10,38,776.9,7806.7
10,48,360.7,3635.5
10,41,982.6,11945.9
10,9,2413.3,33506.6
14,31,1837.3,21104.9
14,35,758.8,9221.1
14,13,1679.7,34399.7
14,32,1460.3,17977.5
14,28,1631.1,21779.0
14,21,1582.9,20924.8
14,34,1629.3,19408.2
14,3,1460.3,17868.9
14,10,84.9,828.5
14,29,88.1,977.7
14,50,231.4,2457.0
14,42,349.5,3520.0
14,20,1481.9,28092.0
14,6,2082.5,42352.3
14,37,892.8,8959.9
14,7,781.3,9005.7
14,8,1668.1,18123.5
14,27,1565.3,16292.2
14,1,1121.6,10304.3
14,46,802.7,7938.9
14,18,2016.9,21162.3
14,19,948.4,9843.2
14,22,3974.5,58468.7
14,17,2419.4,53752.7
14,44,1386.6,23602.2
14,33,1288.5,20156.2
14,39,930.9,8517.1
14,49,1460.1,14203.1
14,23,1232.0,12177.9
14,16,934.0,9869.1
14,47,1429.1,13854.8
14,11,1311.8,12778.2
14,43,1271.6,12210.7
14,12,1250.5,11980.5
14,25,1487.8,14192.9
14,24,535.1,5333.2
14,26,940.5,9222.6
14,4,1602.9,18090.5
14,15,999.3,10032.9
14,45,1618.4,18309.0
14,40,1214.1,12437.7
14,30,1856.3,20577.2
14,5,976.4,9364.7
14,36,1170.9,12031.1
14,0,839.6,7845.9
14,2,625.4,5947.5
14,38,809.7,8292.3
14,48,284.9,2936.7
14,41,1015.4,12431.5
14,9,2372.7,53286.2
29,31,1749.2,20127.1
29,35,726.3,8527.7
29,13,1647.2,33706.2
29,32,1548.4,18955.3
29,28,1645.9,34295.8
29,21,1575.7,31250.6
29,34,1717.4,20385.9
29,3,1548.4,18846.6
29,10,169.4,1742.0
29,14,88.1,977.7
29,50,143.3,1479.2
29,42,275.0,2779.9
29,20,1449.4,27398.6
29,6,2050.0,41658.9
29,37,980.9,9937.6
29,7,748.8,8312.3
29,8,1733.1,17163.5
29,27,1653.4,17270.0
29,1,1033.5,9326.6
29,46,714.6,6961.2
29,18,2105.0,22140.0
29,19,1036.5,10821.0
29,22,3942.0,57775.3
29,17,2386.9,53059.3
29,44,1354.1,22908.8
29,33,1256.0,19462.8
29,39,1019.0,9494.8
29,49,1548.2,15180.8
29,23,1320.1,13155.7
29,16,1022.1,10846.8
29,47,1517.2,14832.5
29,11,1399.9,13755.9
29,43,1359.7,13188.4
29,12,1338.6,12958.2
29,25,1575.9,15170.6
29,24,623.2,6310.9
29,26,1028.6,10200.3
29,4,1691.0,19068.2
29,15,1087.4,11010.7
29,45,1706.5,19286.7
29,40,1302.2,13415.4
29,30,1944.4,21554.9
29,5,1064.5,10342.4
29,36,1259.0,13008.8
29,0,927.7,8823.6
29,2,713.5,6925.3
29,38,897.8,9270.0
29,48,252.4,2243.3
29,41,1103.5,13409.2
29,9,2340.2,52592.8
50,31,1669.1,18820.9
50,35,726.5,8351.4
50,13,1647.4,33529.9
50,32,1644.7,34127.2
50,28,1646.1,34119.5
50,21,1575.9,31074.2
50,34,1745.3,16696.8
50,3,1665.6,20056.8
50,10,290.6,2886.7
50,14,234.6,2457.0
50,29,146.5,1479.2
50,42,227.2,1778.7
50,20,1449.6,27222.3
50,6,2050.2,41482.6
50,37,1098.1,11147.8
50,7,749.0,8135.9
50,8,1653.0,15857.3
50,27,1715.3,15374.8
50,1,953.4,8020.4
50,46,634.5,5654.9
50,18,2222.2,23350.2
50,19,1083.9,13498.4
50,22,3942.2,57598.9
50,17,2387.1,52882.9
50,44,1354.3,22732.5
50,33,1256.2,19286.5
50,39,1136.2,10705.0
50,49,1665.4,16391.0
50,23,1437.3,14365.8
50,16,1139.3,12057.0
50,47,1634.4,16042.7
50,11,1517.1,14966.1
50,43,1476.9,14398.6
50,12,1455.8,14168.4
50,25,1693.1,16380.8
50,24,740.4,7521.1
50,26,1145.8,11410.5
50,4,1808.2,20278.4
50,15,1204.6,12220.9
50,45,1823.7,20496.9
50,40,1419.4,14625.6
50,30,2061.6,22765.1
50,5,1181.7,11552.6
50,36,1376.2,14219.0
50,0,1044.9,10033.8
50,2,830.7,8135.5
50,38,1015.0,10480.2
50,48,291.4,2433.6
50,41,1123.9,13092.1
50,9,2340.4,52416.4
42,31,1578.8,18253.8
42,35,516.4,6646.5
42,13,1437.3,31825.1
42,32,1434.6,32422.4
42,28,1436.0,32414.7
42,21,1365.8,29369.4
42,34,1655.0,16129.7
42,3,1601.3,18033.6
42,10,406.2,4096.0
42,14,349.2,3520.0
42,29,289.0,2799.1
42,50,241.0,1847.6
42,20,1239.5,25517.5
42,6,1840.1,39777.7
42,37,892.2,13986.1
42,7,538.9,6431.1
42,8,1562.7,15290.2
42,27,1625.0,14807.8
42,1,863.1,7453.3
42,46,544.2,5087.9
42,18,2183.0,42727.2
42,19,873.8,11793.6
42,22,3732.1,55894.1
42,17,2177.0,51178.1
42,44,1144.2,21027.7
42,33,1046.1,17581.6
42,39,1146.0,18319.8
42,49,1649.0,17454.4
42,23,1450.5,15387.6
42,16,1145.8,18863.4
42,47,1675.7,22959.7
42,11,1558.4,21883.0
42,43,1518.2,21315.6
42,12,1497.1,21085.3
42,25,1673.1,28851.3
42,24,768.6,14158.9
42,26,1187.1,18327.5
42,4,1772.6,30254.4
42,15,1245.9,19137.8
42,45,1788.1,30472.9
42,40,1383.8,24601.6
42,30,1998.0,45912.8
42,5,1223.0,18469.5
42,36,1340.6,24194.9
42,0,974.6,9637.8
42,2,969.9,9455.3
42,38,1016.9,16834.5
42,48,81.3,728.8
42,41,913.8,11387.3
42,9,2130.3,50711.6
20,31,2394.0,45184.2
20,35,853.0,19005.1
20,13,704.3,12261.7
20,32,701.6,12859.0
20,28,693.6,8087.7
20,21,548.5,6218.7
20,34,2145.1,40467.0
20,3,1976.1,38927.7
20,10,1471.0,27612.4
20,14,1414.0,27036.4
20,29,1375.7,26343.0
20,50,1389.2,26235.4
20,42,1171.9,24461.8
20,6,1107.1,20214.3
20,37,1196.2,26050.6
20,7,1100.2,21815.1
20,8,2183.9,39182.3
20,27,2081.1,37351.0
20,1,2011.3,31841.2
20,46,1692.4,29475.7
20,18,1450.0,23163.8
20,19,1103.5,21618.5
20,22,2999.1,36330.7
20,17,1444.0,31614.7
20,44,962.4,19464.8
20,33,864.3,16018.7
20,39,1450.0,30384.3
20,49,1667.5,32619.7
20,23,1644.8,25644.5
20,16,1449.8,30927.9
20,47,1498.1,25045.0
20,11,1475.4,23579.0
20,43,1463.0,23348.3
20,12,1307.7,21905.0
20,25,1264.6,22634.6
20,24,1072.6,26223.4
20,26,1254.7,20941.4
20,4,1229.4,27206.2
20,15,1032.4,19272.4
20,45,1101.1,26061.5
20,40,975.8,18316.7
20,30,1265.0,26349.4
20,5,1195.2,20429.1
20,36,797.7,16201.9
20,0,1510.8,31595.0
20,2,1397.9,30046.9
20,38,1060.7,10975.7
20,48,1141.2,24122.4
20,41,1070.4,23744.8
20,9,1397.3,31148.2
6,31,2215.6,40998.6
6,35,1457.6,33324.9
6,13,778.8,11134.0
6,32,981.7,11646.4
6,28,742.9,8806.3
6,21,915.2,10858.0
6,34,1896.4,37307.2
6,3,1801.9,36436.3
6,10,2075.6,41932.2
6,14,2018.6,41356.2
6,29,1980.3,40662.7
6,50,1993.8,40555.2
6,42,1776.5,38781.6
6,20,1063.5,19779.9
6,37,1800.8,40370.4
6,7,1704.8,36134.8
6,8,2035.3,38906.8
6,27,2115.5,39028.7
6,1,2346.6,27804.4
6,46,2297.0,43795.5
6,18,518.9,4554.4
6,19,1708.1,35938.3
6,22,2619.4,19095.1
6,17,976.4,12110.8
6,44,1567.0,33784.6
6,33,1468.9,30338.5
6,39,1740.7,22533.8
6,49,1329.2,19547.3
6,23,1479.3,21475.6
6,16,1778.9,23983.2
6,47,1180.0,17287.1
6,11,1253.2,17943.9
6,43,1367.9,20027.1
6,12,1272.2,18191.3
6,25,1031.7,15403.4
6,24,1632.1,18476.9
6,26,1376.7,19300.6
6,4,891.1,14133.8
6,15,1181.5,12820.5
6,45,762.8,12989.0
6,40,1095.5,11623.9
6,30,926.7,13276.9
6,5,1333.2,18965.6
6,36,1164.2,22890.5
6,0,1869.0,24316.6
6,2,1779.2,23452.9
6,38,1380.2,15325.8
6,48,1745.8,38442.2
6,41,1602.3,20094.4
6,9,929.7,11644.3
37,31,1759.8,23383.7
37,35,620.3,8437.3
37,13,1453.3,32606.6
37,32,1202.1,14871.7
37,28,1372.9,18673.2
37,21,1324.7,17819.0
37,34,1510.9,18666.4
37,3,1341.9,17127.2
37,10,908.3,9095.7
37,14,938.1,9581.2
37,29,1026.2,10558.9
37,50,1144.4,11769.1
37,42,930.8,13894.0
37,20,1255.5,26299.0
37,6,1856.1,40559.3
37,7,859.1,11247.2
37,8,1549.7,17381.8
37,27,1446.9,15550.5
37,1,1377.6,13892.9
37,46,1390.1,14890.1
37,18,1758.7,18056.5
37,19,314.0,2105.7
37,22,3748.1,56675.6
37,17,2193.0,51959.6
37,44,1160.2,21809.2
37,33,1062.1,18363.1
37,39,815.8,8583.8
37,49,1376.5,13572.0
37,23,1148.4,11546.8
37,16,815.6,9127.4
37,47,1345.5,13223.7
37,11,1228.2,12147.0
37,43,1188.0,11579.6
37,12,1166.9,11349.3
37,25,1245.2,13581.6
37,24,438.4,4422.9
37,26,856.9,8591.5
37,4,1344.7,14984.7
37,15,915.7,9401.8
37,45,1360.2,15203.1
37,40,955.9,9331.8
37,30,1598.1,17471.3
37,5,892.8,8733.5
37,36,912.7,8925.2
37,0,876.6,9794.5
37,2,763.7,8246.4
37,38,651.7,6071.4
37,48,900.1,13554.6
37,41,422.3,3379.0
37,9,2146.3,51493.1
7,31,2013.1,30446.5
7,35,439.5,3973.3
7,13,1360.4,29151.9
7,32,1357.7,29749.2
7,28,1359.1,29741.4
7,21,1288.9,26696.2
7,34,1764.2,25729.2
7,3,1595.2,24189.9
7,10,823.7,9454.1
7,14,766.7,8878.0
7,29,728.4,8184.6
7,50,741.9,8077.1
7,42,524.6,6303.5
7,20,1162.6,22844.2
7,6,1763.2,37104.5
7,37,815.3,11312.9
7,8,1803.0,24444.5
7,27,1700.2,22613.3
7,1,1364.0,13682.9
7,46,1045.1,11317.4
7,18,2106.1,40054.0
7,19,796.9,9120.4
7,22,3655.2,53220.9
7,17,2100.1,48504.9
7,44,1067.3,18354.4
7,33,969.2,14908.4
7,39,1069.1,15646.6
7,49,1629.8,20634.7
7,23,1401.7,18609.6
7,16,1068.9,16190.1
7,47,1598.8,20286.5
7,11,1481.5,19209.8
7,43,1441.3,18642.3
7,12,1420.2,18412.1
7,25,1596.2,26178.1
7,24,691.7,11485.6
7,26,1110.2,15654.3
7,4,1695.7,27581.2
7,15,1169.0,16464.6
7,45,1711.2,27799.6
7,40,1306.9,21928.3
7,30,1921.1,43239.6
7,5,1146.1,15796.3
7,36,1263.7,21521.7
7,0,1129.9,16857.3
7,2,1017.0,15309.2
7,38,940.0,14161.3
7,48,493.9,5964.1
7,41,836.9,8714.0
7,9,2053.4,48038.4
8,31,709.6,7703.3
8,35,1614.3,21866.6
8,13,1921.4,42788.7
8,32,1928.7,23506.4
8,28,1988.2,44663.9
8,21,2051.3,26453.6
8,34,193.9,1642.2
8,3,333.8,2828.3
8,10,1605.8,17514.7
8,14,1635.6,18000.2
8,29,1698.6,17174.7
8,50,1617.0,15868.4
8,42,1523.2,15301.3
8,20,2206.1,51434.6
8,6,1938.2,38581.3
8,37,1474.2,16594.4
8,7,1853.1,24676.5
8,27,411.7,3867.1
8,1,1229.3,11266.4
8,46,1132.6,10961.7
8,18,2227.4,40278.1
8,19,1529.8,17477.7
8,22,3191.5,36298.0
8,17,1836.7,34950.7
8,44,2154.2,35238.5
8,33,2056.1,31792.5
8,39,903.5,9232.9
8,49,1120.9,13003.1
8,23,922.4,10936.4
8,16,924.0,9845.2
8,47,1217.2,13972.2
8,11,1096.1,12768.8
8,43,1048.1,12310.2
8,12,1220.7,13853.7
8,25,1392.8,15770.9
8,24,1183.9,13415.1
8,26,1318.4,14140.1
8,4,1544.6,18194.3
8,15,1453.3,15641.8
8,45,1568.8,18635.8
8,40,1674.5,17336.6
8,30,1699.6,32312.0
8,5,1394.6,13340.8
8,36,1692.0,18768.7
8,0,961.8,9934.5
8,2,1061.1,11245.1
8,38,1263.7,13901.2
8,48,1587.4,15956.2
8,41,1629.6,20039.0
8,9,1790.0,34484.2
27,31,1023.4,9827.2
27,35,1570.2,20274.5
27,13,2015.3,43346.4
27,32,1884.6,21914.3
27,28,2055.4,25715.7
27,21,2007.2,24861.5
27,34,433.5,3748.4
27,3,391.3,3042.7
27,10,1561.7,15922.5
27,14,1591.5,16408.1
27,29,1679.6,17385.8
27,50,1765.5,15761.0
27,42,1671.7,15193.9
27,20,2205.4,38136.2
27,6,2032.1,39139.0
27,37,1430.1,15002.2
27,7,1809.0,23084.4
27,8,448.9,4042.2
27,1,1356.6,11919.3
27,46,1281.1,10854.2
27,18,2304.6,24262.9
27,19,1485.7,15885.5
27,22,3285.4,36855.7
27,17,1930.6,35508.4
27,44,2110.1,33646.4
27,33,2012.0,30200.3
27,39,859.4,7640.7
27,49,1076.8,11411.0
27,23,878.3,9344.2
27,16,879.9,8253.0
27,47,1173.1,12380.1
27,11,1052.0,11176.7
27,43,1004.0,10718.1
27,12,1176.6,12261.6
27,25,1348.7,14178.8
27,24,1139.8,11823.0
27,26,1274.3,12547.9
27,4,1500.5,16602.2
27,15,1409.2,14049.7
27,45,1524.7,17043.7
27,40,1630.4,15744.5
27,30,1717.8,18970.0
27,5,1350.5,11748.6
27,36,1647.9,17176.6
27,0,917.7,8342.3
27,2,1017.0,9653.0
27,38,1219.6,12309.0
27,48,1735.9,15848.8
27,41,1585.5,18446.9
27,9,1883.9,35041.9
1,31,1346.7,14873.1
1,35,1301.4,13651.6
1,13,2132.5,26453.0
1,32,1777.5,19922.5
1,28,1948.3,23724.0
1,21,1900.1,22869.7
1,34,1422.9,12749.0
1,3,1284.6,13659.9
1,10,1118.3,10359.8
1,14,1065.6,9930.1
1,29,977.5,8952.3
1,50,895.9,7646.1
1,42,802.1,7079.0
1,20,2024.5,32522.6
1,6,2461.5,24141.1
1,37,1323.0,13010.5
1,7,1323.9,13436.2
1,8,1330.6,11909.5
1,27,1348.9,11981.5
1,46,312.2,2152.9
1,18,2320.2,21402.7
1,19,1378.6,13893.8
1,22,3949.9,31827.2
1,17,2621.6,28148.5
1,44,1929.2,28032.8
1,33,1831.1,24586.7
1,39,849.3,6971.8
1,49,1332.3,13080.7
1,23,1133.8,11013.9
1,16,779.5,6598.5
1,47,1428.6,14049.8
1,11,1307.5,12846.4
1,43,1259.5,12387.8
1,12,1320.0,11790.2
1,25,1600.1,14163.5
1,24,1032.7,9831.2
1,26,1159.9,9346.4
1,4,1751.9,16274.7
1,15,1302.1,12057.9
1,45,1776.1,16716.3
1,40,1531.3,14382.6
1,30,1973.3,20639.7
1,5,1215.1,9750.2
1,36,1540.8,15184.8
1,0,608.1,4811.5
1,2,672.6,5415.3
1,38,1129.9,10317.3
1,48,866.3,7733.9
1,41,1495.8,16455.1
1,9,2619.0,30262.5
46,31,1218.0,14308.5
46,35,1033.3,11641.5
46,13,1954.2,36820.0
46,32,1783.7,20803.5
46,28,1954.5,24605.0
46,21,1882.7,34364.3
46,34,1294.2,12184.4
46,3,1241.0,14088.3
46,10,850.2,8349.6
46,14,797.5,7919.9
46,29,709.4,6942.2
46,50,627.8,5635.9
46,42,534.0,5068.9
46,20,1756.4,30512.4
46,6,2357.0,44772.7
46,37,1329.2,13891.5
46,7,1055.8,11426.1
46,8,1201.9,11344.9
46,27,1264.2,10862.5
46,1,357.5,2508.1
46,18,2326.4,22283.7
46,19,1384.8,14774.8
46,22,3906.3,32255.6
46,17,2578.0,28576.9
46,44,1661.1,26022.6
46,33,1563.0,22576.6
46,39,855.5,7852.8
46,49,1288.7,13509.1
46,23,1090.2,11442.3
46,16,785.7,7479.5
46,47,1385.0,14478.2
46,11,1263.9,13274.8
46,43,1215.9,12816.1
46,12,1326.2,12671.1
46,25,1560.6,16276.9
46,24,1038.9,10712.2
46,26,1166.1,10227.4
46,4,1712.4,18700.3
46,15,1308.3,12938.9
46,45,1736.6,19141.8
46,40,1537.5,15263.6
46,30,1929.7,21068.1
46,5,1221.3,10631.2
46,36,1547.0,16065.8
46,0,614.3,5692.5
46,2,678.8,6296.3
46,38,1136.1,11198.3
46,48,598.2,5723.7
46,41,1430.7,16382.2
46,9,2575.4,30690.8
18,31,2593.4,45336.7
18,35,1838.6,36851.9
18,13,1159.8,14661.0
18,32,1258.0,14470.5
18,28,1123.9,12333.3
18,21,1296.2,14384.9
18,34,2274.2,41645.4
18,3,2153.8,23779.9
18,10,1953.5,20428.0
18,14,1983.3,20913.6
18,29,2071.4,21891.3
18,50,2189.6,23101.5
18,42,2157.5,42308.6
18,20,1444.5,23306.8
18,6,506.6,4571.2
18,37,1720.0,17753.3
18,7,2085.8,39661.8
18,8,2413.1,43245.0
18,27,2341.6,24246.3
18,1,2249.7,20582.1
18,46,2262.2,21579.3
18,19,1642.3,19094.4
18,22,2997.2,23433.3
18,17,1354.2,16449.0
18,44,1948.0,37311.5
18,33,1849.9,33865.5
18,39,1643.8,15311.5
18,49,1413.4,14479.7
18,23,1617.4,16308.2
18,16,1711.1,16427.1
18,47,1264.2,12219.5
18,11,1337.4,12876.3
18,43,1435.6,14012.0
18,12,1280.3,12568.8
18,25,1104.3,11097.0
18,24,1483.6,15755.2
18,26,1279.8,12078.3
18,4,889.6,8090.1
18,15,1033.0,10098.9
18,45,985.9,9715.3
18,40,947.0,8902.2
18,30,1016.9,9588.8
18,5,1236.3,11743.3
18,36,1045.2,9788.7
18,0,1772.1,17094.3
18,2,1682.3,16230.6
18,38,1231.7,12604.1
18,48,2126.8,41969.2
18,41,1453.8,17372.8
18,9,1307.5,15982.5
19,31,1795.8,24292.8
19,35,594.5,6243.4
19,13,1336.5,28307.2
19,32,1127.3,16165.4
19,28,1298.1,19966.9
19,21,1249.9,19112.7
19,34,1546.9,19575.6
19,3,1377.9,18036.3
19,10,944.3,10004.8
19,14,974.1,10490.4
19,29,1062.2,11468.1
19,50,1122.3,13473.7
19,42,905.0,11700.0
19,20,1138.7,21999.6
19,6,1739.3,36259.9
19,37,319.9,2105.7
19,7,833.3,9053.3
19,8,1585.7,18290.9
19,27,1482.9,16459.6
19,1,1413.6,14802.1
19,46,1425.5,16714.0
19,18,1683.9,19350.2
19,22,3631.3,52376.3
19,17,2076.2,47660.3
19,44,1037.7,17597.1
19,33,945.3,14063.8
19,39,851.8,9493.0
19,49,1412.5,14481.1
19,23,1184.4,12455.9
19,16,851.6,10036.5
19,47,1381.5,14132.8
19,11,1264.2,13056.2
19,43,1224.0,12488.7
19,12,1194.4,13301.7
19,25,1170.4,14875.3
19,24,474.4,5332.0
19,26,892.9,9500.6
19,4,1269.9,16278.4
19,15,890.1,10164.6
19,45,1285.4,16496.9
19,40,881.1,10625.6
19,30,1523.3,18765.1
19,5,928.8,9642.7
19,36,837.9,10218.9
19,0,912.6,10703.6
19,2,799.7,9155.5
19,38,683.7,8648.0
19,48,874.3,11360.7
19,41,204.1,1740.2
19,9,2029.5,47193.8
22,31,3446.8,39316.6
22,35,3347.9,48939.2
22,13,2669.1,26748.3
22,32,2958.4,35161.9
22,28,2735.9,28623.5
22,21,2813.0,29149.3
22,34,3127.6,35625.2
22,3,3033.1,34754.2
22,10,3845.5,35551.9
22,14,3875.3,36037.4
22,29,3870.6,56277.0
22,50,3884.1,56169.5
22,42,3666.8,54395.9
22,20,2953.8,35394.1
22,6,2611.3,18130.9
22,37,3657.2,34736.2
22,7,3595.1,51749.1
22,8,3266.5,37224.8
22,27,3346.7,37346.7
22,1,3911.9,31603.5
22,46,3895.8,32193.2
22,18,3005.4,22452.2
22,19,3579.5,36077.2
22,17,1735.0,7487.1
22,44,3457.3,49398.8
22,33,3359.2,45952.8
22,39,3243.7,24819.1
22,49,2729.5,18759.7
22,23,2951.7,22349.7
22,16,3251.3,24857.4
22,47,2780.6,19473.0
22,11,2739.9,19838.5
22,43,2840.3,20901.3
22,12,2872.8,20377.3
22,25,2739.2,19003.8
22,24,3420.8,32738.1
22,26,3106.0,27762.4
22,4,2540.5,17279.5
22,15,2986.2,27090.5
22,45,2492.1,21450.9
22,40,2895.7,25893.9
22,30,2414.8,15952.1
22,5,3062.5,27427.5
22,36,3054.5,38504.8
22,0,3473.0,28026.5
22,2,3508.5,31914.7
22,38,3168.9,29587.0
22,48,3636.1,54056.5
22,41,3391.0,34355.6
22,9,1859.8,8827.7
17,31,2112.8,35637.8
17,35,1844.3,44589.1
17,13,1165.5,22398.1
17,32,1454.8,30811.8
17,28,1232.3,24273.4
17,21,1309.4,24799.2
17,34,1793.6,31946.5
17,3,1699.1,31075.5
17,10,2341.9,31201.7
17,14,2371.7,31687.3
17,29,2367.0,51926.9
17,50,2380.5,51819.4
17,42,2163.2,50045.7
17,20,1450.2,31044.0
17,6,989.8,12143.8
17,37,2153.6,30386.0
17,7,2091.5,47399.0
17,8,1932.5,33546.1
17,27,2012.7,33668.0
17,1,2572.3,31916.1
17,46,2561.8,28514.5
17,18,1383.9,16465.2
17,19,2075.9,31727.1
17,22,1735.7,7487.1
17,44,1953.7,45048.7
17,33,1855.6,41602.7
17,39,1909.7,21140.4
17,49,1395.5,15081.0
17,23,1617.7,18671.0
17,16,1917.3,21178.7
17,47,1382.6,16981.0
17,11,1405.9,16159.8
17,43,1506.3,17222.6
17,12,1474.8,17885.3
17,25,1237.5,15058.7
17,24,1917.2,28388.0
17,26,1602.4,23412.3
17,4,1014.3,13228.8
17,15,1482.6,22740.4
17,45,988.5,17100.7
17,40,1392.1,21543.7
17,30,888.6,11901.5
17,5,1558.9,23077.3
17,36,1550.9,34154.7
17,0,2094.7,28428.3
17,2,2004.9,27564.6
17,38,1665.3,25236.9
17,48,2132.5,49706.4
17,41,1887.4,30005.5
17,9,217.3,1843.4
44,31,2343.1,41172.2
44,35,802.1,14993.1
44,13,1246.9,26859.1
44,32,1244.2,27456.4
44,28,1245.6,27448.7
44,21,1175.4,24403.4
44,34,2094.2,36454.9
44,3,1925.2,34915.6
44,10,1420.1,23600.4
44,14,1363.1,23024.3
44,29,1324.8,22330.9
44,50,1338.3,22223.4
44,42,1121.0,20449.8
44,20,1049.1,20551.5
44,6,1649.7,34811.8
44,37,1145.3,22038.6
44,7,1049.3,17803.0
44,8,2133.0,35170.2
44,27,2030.2,33339.0
44,1,1960.4,27829.1
44,46,1641.5,25463.7
44,18,1992.6,37761.2
44,19,1039.3,15872.1
44,22,3541.7,50928.2
44,17,1986.6,46212.1
44,33,348.2,3946.8
44,39,1399.1,26372.3
44,49,1959.8,31360.4
44,23,1731.7,29335.3
44,16,1398.9,26915.8
44,47,1910.3,29745.6
44,11,1811.5,29935.5
44,43,1771.3,29368.0
44,12,1700.8,25761.5
44,25,1676.8,27335.1
44,24,1021.7,22211.3
44,26,1440.2,26380.0
44,4,1772.0,41803.7
44,15,1396.5,22624.4
44,45,1643.7,40659.0
44,40,1387.5,23085.3
44,30,1807.6,40946.8
44,5,1445.8,22906.7
44,36,1340.3,30799.3
44,0,1459.9,27583.0
44,2,1347.0,26034.9
44,38,1190.1,21107.8
44,48,1090.3,20110.4
44,41,1006.2,17998.4
44,9,1939.9,45745.6
33,31,2228.4,37733.7
33,35,687.4,11554.6
33,13,1132.2,23420.7
33,32,1129.5,24018.0
33,28,1130.9,24010.2
33,21,1060.7,20965.0
33,34,1979.5,33016.5
33,3,1810.5,31477.2
33,10,1305.4,20161.9
33,14,1248.4,19585.9
33,29,1210.1,18892.4
33,50,1223.6,18784.9
33,42,1006.3,17011.3
33,20,934.4,17113.0
33,6,1535.0,31373.3
33,37,1030.6,18600.1
33,7,934.6,14364.6
33,8,2018.3,31731.8
33,27,1915.5,29900.5
33,1,1845.7,24390.7
33,46,1526.8,22025.2
33,18,1877.9,34322.8
33,19,924.6,12433.6
33,22,3427.0,47489.7
33,17,1871.9,42773.7
33,44,329.5,3903.8
33,39,1284.4,22933.8
33,49,1845.1,27922.0
33,23,1617.0,25896.8
33,16,1284.2,23477.4
33,47,1795.6,26307.1
33,11,1696.8,26497.0
33,43,1656.6,25929.6
33,12,1586.1,22323.0
33,25,1562.1,23896.6
33,24,907.0,18772.9
33,26,1325.5,22941.5
33,4,1657.3,38365.2
33,15,1281.8,19186.0
33,45,1529.0,37220.5
33,40,1272.8,19646.9
33,30,1692.9,37508.4
33,5,1331.1,19468.2
33,36,1225.6,27360.9
33,0,1345.2,24144.5
33,2,1232.3,22596.4
33,38,1075.4,17669.3
33,48,975.6,16671.9
33,41,891.5,14559.9
33,9,1825.2,42307.2
39,31,1233.6,16433.4
39,35,931.3,13338.0
39,13,1600.7,21508.3
39,32,1245.7,14977.8
39,28,1416.5,18779.2
39,21,1368.3,17925.0
39,34,961.4,10038.8
39,3,792.4,8499.5
39,10,903.6,7794.1
39,14,933.4,8279.6
39,29,1021.5,9257.3
39,50,1139.7,10467.5
39,42,1202.5,11782.1
39,20,1566.5,31199.7
39,6,1823.9,23334.0
39,37,791.2,8065.8
39,7,1170.1,16147.9
39,8,950.5,9457.5
39,27,847.7,7626.2
39,1,835.1,6787.7
39,46,847.6,7784.8
39,18,1732.0,15303.1
39,19,846.8,8949.1
39,22,3345.1,25564.9
39,17,1961.7,22054.0
39,44,1471.2,26709.9
39,33,1373.1,23263.9
39,49,727.5,6818.4
39,23,526.4,4155.7
39,16,104.9,580.0
39,47,767.2,6812.7
39,11,649.9,5736.0
39,43,609.7,5168.5
39,12,598.3,5087.5
39,25,876.3,7693.7
39,24,500.9,4886.5
39,26,511.9,3913.8
39,4,1020.5,9422.8
39,15,747.4,5746.5
39,45,1044.7,9864.4
39,40,959.3,8168.2
39,30,1269.3,11964.7
39,5,601.2,4252.8
39,36,1009.0,10240.1
39,0,334.1,2689.2
39,2,341.3,2670.2
39,38,580.7,5372.6
39,48,1211.1,18455.3
39,41,946.6,11510.4
39,9,1915.0,21587.5
49,31,1518.4,20254.0
49,35,1493.2,18417.5
49,13,1435.9,25021.9
49,32,1259.4,14826.3
49,28,1430.2,18627.8
49,21,1382.0,17773.6
49,34,1060.8,12812.8
49,3,891.8,11273.5
49,10,1442.0,13920.3
49,14,1471.8,14405.8
49,29,1559.9,15383.6
49,50,1678.1,16593.8
49,42,1654.4,17642.6
49,20,1720.6,33667.8
49,6,1399.3,20574.8
49,37,1353.1,13145.3
49,7,1732.0,21227.4
49,8,1168.6,13614.5
49,27,1079.6,11739.9
49,1,1315.6,13055.6
49,46,1299.5,13645.3
49,18,1400.0,14324.4
49,19,1408.7,14028.6
49,22,2733.4,18749.3
49,17,1405.1,15070.6
49,44,2033.1,31789.4
49,33,1935.0,28343.4
49,39,647.4,6271.2
49,23,355.4,3801.9
49,16,655.0,6309.5
49,47,376.6,3920.1
49,11,275.6,2822.7
49,43,214.9,2156.6
49,12,433.9,4255.7
49,25,552.2,5718.8
49,24,1062.8,9966.0
49,26,696.0,6191.7
49,4,595.9,6663.7
49,15,813.4,7665.1
49,45,620.1,7105.2
49,40,947.4,8602.2
49,30,813.2,9031.5
49,5,830.9,7080.9
49,36,1105.7,10616.2
49,0,876.7,9478.7
49,2,945.5,8977.4
49,38,908.4,8400.2
49,48,1718.6,18297.4
49,41,1398.7,15556.1
49,9,1458.9,18654.2
23,31,1163.0,16452.2
23,35,1146.8,15796.3
23,13,1668.6,21811.8
23,32,1313.6,15281.2
23,28,1484.4,19082.7
23,21,1436.2,18228.5
23,34,705.4,9011.0
23,3,536.4,7471.7
23,10,1138.3,11444.3
23,14,1168.1,11929.9
23,29,1256.2,12907.6
23,50,1374.4,14117.8
23,42,1299.0,13840.7
23,20,1782.0,33658.0
23,6,1675.1,23825.8
23,37,1006.7,10524.0
23,7,1385.6,18606.2
23,8,813.2,9812.7
23,27,724.2,7938.0
23,1,960.2,9253.8
23,46,944.1,9843.5
23,18,1675.8,17575.4
23,19,1062.3,11407.3
23,22,3065.6,23470.0
23,17,1737.3,19791.3
23,44,1686.7,29168.2
23,33,1588.6,25722.1
23,39,292.0,2469.4
23,49,448.0,4723.5
23,16,299.6,2507.7
23,47,544.3,5692.6
23,11,423.2,4489.2
23,43,375.2,4030.6
23,12,547.8,5574.1
23,25,719.9,7491.3
23,24,716.4,7344.7
23,26,577.0,4984.2
23,4,871.7,9914.7
23,15,824.0,6998.7
23,45,895.9,10356.3
23,40,1001.6,9057.0
23,30,1089.0,12282.6
23,5,685.6,5672.8
23,36,1159.9,11071.1
23,0,521.3,5676.8
23,2,592.7,5175.5
23,38,736.2,6821.8
23,48,1363.2,14495.6
23,41,1162.1,13968.7
23,9,1734.7,21905.3
16,31,1156.5,15819.0
16,35,967.0,14539.0
16,13,1636.4,22709.3
16,32,1281.4,16178.8
16,28,1452.2,19980.2
16,21,1404.0,19126.0
16,34,876.4,9518.7
16,3,707.4,7979.4
16,10,958.5,10187.0
16,14,988.3,10672.6
16,29,1076.4,11650.3
16,50,1194.6,12860.5
16,42,1251.9,12795.2
16,20,1602.2,32400.7
16,6,1908.5,25833.1
16,37,826.9,9266.7
16,7,1205.8,17348.9
16,8,865.5,8937.4
16,27,762.7,7106.1
16,1,884.5,7800.7
16,46,897.0,8797.9
16,18,1824.1,17658.9
16,19,882.5,10150.0
16,22,3299.0,25477.3
16,17,1970.7,21798.6
16,44,1506.9,27910.9
16,33,1408.8,24464.8
16,39,276.9,1941.6
16,49,681.4,6730.8
16,23,482.9,4664.0
16,47,777.7,7699.9
16,11,656.6,6496.5
16,43,608.6,6037.9
16,12,712.7,6376.1
16,25,953.3,9498.6
16,24,536.6,6087.5
16,26,683.7,5650.4
16,4,1105.1,11922.0
16,15,806.0,8314.2
16,45,1129.3,12363.5
16,40,1035.2,10638.9
16,30,1322.4,14289.8
16,5,747.3,6013.1
16,36,1044.7,11441.1
16,0,383.5,3702.3
16,2,416.4,3917.5
16,38,616.4,6573.5
16,48,1246.8,19656.3
16,41,982.3,12711.4
16,9,1968.1,23912.6
47,31,1515.6,20258.9
47,35,1371.0,17217.3
47,13,1291.7,22901.0
47,32,1050.5,12585.6
47,28,1221.3,16387.1
47,21,1173.1,15532.8
47,34,1058.0,12817.7
47,3,889.0,11278.4
47,10,1319.8,12720.0
47,14,1349.6,13205.6
47,29,1437.7,14183.3
47,50,1555.9,15393.5
47,42,1651.6,17647.4
47,20,1560.1,24406.8
47,6,1255.1,18453.9
47,37,1230.9,11945.0
47,7,1609.8,20027.2
47,8,1165.8,13619.4
47,27,1076.8,11744.7
47,1,1312.8,13060.5
47,46,1296.7,13650.2
47,18,1248.4,11466.1
47,19,1286.5,12828.3
47,22,2784.7,20282.2
47,17,1392.9,17173.9
47,44,1890.0,28791.7
47,33,1797.6,25258.4
47,39,644.6,6276.1
47,49,305.6,3244.5
47,23,352.6,3806.7
47,16,652.2,6314.4
47,11,76.3,636.6
47,43,237.1,2356.3
47,12,224.9,2030.4
47,25,276.9,2653.7
47,24,940.6,8765.8
47,26,569.5,4943.7
47,4,451.7,4542.8
47,15,604.5,5424.3
47,45,475.9,4984.3
47,40,729.7,7278.5
47,30,700.5,7084.6
47,5,656.9,5595.4
47,36,896.8,8375.5
47,0,873.9,9483.5
47,2,896.4,8349.7
47,38,781.9,7152.2
47,48,1634.5,16142.3
47,41,1189.8,13315.3
47,9,1346.2,16707.4
11,31,1530.9,20114.4
11,35,1423.8,17909.0
11,13,1362.9,24487.4
11,32,1128.1,13698.8
11,28,1298.9,17500.3
11,21,1250.7,16646.1
11,34,1073.3,12673.2
11,3,904.3,11133.9
11,10,1372.6,13411.7
11,14,1402.4,13897.3
11,29,1490.5,14875.0
11,50,1608.7,16085.2
11,42,1666.9,17502.9
11,20,1637.7,25520.0
11,6,1326.3,20040.4
11,37,1283.7,12636.7
11,7,1662.6,20718.9
11,8,1181.1,13474.9
11,27,1092.1,11600.3
11,1,1328.1,12916.0
11,46,1312.0,13505.7
11,18,1327.0,13790.0
11,19,1339.3,13520.0
11,22,2716.8,19684.5
11,17,1388.5,16005.8
11,44,1963.7,31280.9
11,33,1865.6,27834.8
11,39,659.9,6131.6
11,49,237.7,2646.8
11,23,367.9,3662.2
11,16,667.5,6169.9
11,47,223.2,2282.9
11,43,256.5,2213.8
11,12,302.5,3143.6
11,25,398.8,4081.5
11,24,993.4,9457.5
11,26,622.3,5635.4
11,4,522.9,6129.2
11,15,682.1,6537.5
11,45,547.1,6570.8
11,40,816.1,7474.6
11,30,740.2,8497.1
11,5,734.5,6708.7
11,36,974.4,9488.7
11,0,889.2,9339.0
11,2,949.2,9041.4
11,38,834.7,7843.9
11,48,1687.3,16834.0
11,41,1267.4,14428.6
11,9,1385.9,18119.8
43,31,1405.7,19093.4
43,35,1290.8,16306.5
43,13,1412.0,19245.8
43,32,1057.0,12715.3
43,28,1227.8,16516.8
43,21,1179.6,15662.5
43,34,948.1,11652.2
43,3,779.1,10112.9
43,10,1239.6,11809.2
43,14,1269.4,12294.8
43,29,1357.5,13272.5
43,50,1475.7,14482.7
43,42,1541.7,16481.9
43,20,1566.6,24536.5
43,6,1439.5,19745.3
43,37,1150.7,11034.2
43,7,1529.6,19116.4
43,8,1055.9,12453.8
43,27,966.9,10579.2
43,1,1202.9,11894.9
43,46,1186.8,12484.6
43,18,1517.7,13626.1
43,19,1206.3,11917.5
43,22,2850.1,20914.4
43,17,1521.8,17235.7
43,44,1830.7,29678.4
43,33,1732.6,26232.3
43,39,534.7,5110.5
43,49,224.4,2167.4
43,23,242.7,2641.2
43,16,542.3,5148.8
43,47,315.2,2688.2
43,11,193.0,1479.1
43,12,231.5,2144.6
43,25,490.8,4486.8
43,24,860.4,7855.0
43,26,493.6,4080.7
43,4,636.1,5834.1
43,15,611.0,5554.0
43,45,660.3,6275.7
43,40,745.0,6491.1
43,30,873.5,9726.9
43,5,628.5,4969.8
43,36,903.3,8505.2
43,0,764.0,8318.0
43,2,816.2,7438.9
43,38,706.0,6289.2
43,48,1554.3,15231.5
43,41,1196.3,13445.0
43,9,1519.2,19349.7
12,31,1629.8,21108.5
12,35,1255.4,16048.7
12,13,1180.6,17085.8
12,32,825.6,10555.2
12,28,996.4,14356.7
12,21,948.2,13502.5
12,34,1172.2,13667.3
12,3,1003.2,12128.0
12,10,1204.2,11551.5
12,14,1234.0,12037.0
12,29,1322.1,13014.7
12,50,1440.3,14224.9
12,42,1565.9,21505.4
12,20,1335.2,22376.4
12,6,1327.9,18972.8
12,37,1115.3,10776.5
12,7,1494.2,18858.6
12,8,1280.0,14469.0
12,27,1191.0,12594.4
12,1,1341.4,11590.5
12,46,1353.9,12587.7
12,18,1286.3,11466.0
12,19,1153.4,13006.6
12,22,2944.0,20597.5
12,17,1465.7,17692.8
12,44,1665.1,26761.3
12,33,1572.7,23228.0
12,39,646.4,5507.7
12,49,469.0,4512.2
12,23,466.8,4656.3
12,16,658.7,5619.3
12,47,370.9,3024.9
12,11,279.6,2592.2
12,43,263.7,2390.4
12,25,308.9,2717.2
12,24,825.0,7597.2
12,26,396.5,3430.6
12,4,524.5,5061.7
12,15,379.6,3394.0
12,45,548.7,5503.2
12,40,513.6,4331.1
12,30,773.3,7603.6
12,5,432.0,3565.1
12,36,671.9,6345.1
12,0,863.8,8102.7
12,2,791.4,7239.0
12,38,621.8,5820.7
12,48,1518.9,14973.8
12,41,964.9,11285.0
12,9,1419.0,17226.3
25,31,1787.0,22867.0
25,35,1427.4,23721.1
25,13,1137.7,21079.2
25,32,829.8,11686.9
25,28,1000.6,15488.4
25,21,952.4,14634.2
25,34,1329.4,15425.8
25,3,1160.4,13886.6
25,10,1437.6,14385.0
25,14,1467.4,14870.6
25,29,1555.5,15848.3
25,50,1673.7,17058.5
25,42,1746.3,29177.7
25,20,1337.0,14445.0
25,6,1101.1,16632.1
25,37,1249.3,13569.3
25,7,1674.6,26531.0
25,8,1437.2,16227.5
25,27,1348.2,14352.9
25,1,1576.5,13752.4
25,46,1568.1,16258.3
25,18,1006.5,8914.6
25,19,1171.6,14910.4
25,22,2764.8,19085.3
25,17,1256.8,15020.1
25,44,1683.3,28665.1
25,33,1590.9,25131.8
25,39,881.5,7669.6
25,49,577.0,5852.6
25,23,624.0,6414.9
25,16,899.8,7921.6
25,47,271.4,2608.2
25,11,347.7,3244.8
25,43,508.2,4476.9
25,12,367.1,3052.8
25,24,1012.9,11571.2
25,26,644.4,5652.2
25,4,315.6,2389.0
25,15,578.3,5923.7
25,45,348.7,3595.7
25,40,487.8,4727.0
25,30,564.4,4930.8
25,5,654.6,6260.6
25,36,676.1,7476.8
25,0,1098.9,10264.5
25,2,1026.5,9400.8
25,38,761.0,8420.1
25,48,1715.6,28838.3
25,41,983.1,13188.8
25,9,1210.1,14553.6
24,31,1443.4,19610.0
24,35,541.8,9098.5
24,13,1324.2,19374.4
24,32,969.2,12843.8
24,28,1140.0,16645.3
24,21,1091.8,15791.1
24,34,1194.5,14892.8
24,3,1025.5,13353.5
24,10,469.9,4672.8
24,14,499.7,5158.4
24,29,587.8,6136.1
24,50,706.0,7346.3
24,42,835.4,8647.0
24,20,1177.0,26960.1
24,6,1667.1,18767.0
24,37,401.7,3826.2
24,7,780.6,11908.4
24,8,1233.3,13608.1
24,27,1130.5,11776.8
24,1,1020.5,8114.0
24,46,1040.6,9537.8
24,18,1525.8,16028.6
24,19,457.3,4709.5
24,22,3556.8,34040.9
24,17,2001.7,29324.9
24,44,1081.7,22470.3
24,33,983.6,19024.3
24,39,499.4,4810.1
24,49,1060.1,9798.3
24,23,832.0,7773.1
24,16,499.2,5353.7
24,47,1029.1,9450.0
24,11,911.8,8373.3
24,43,871.6,7805.9
24,12,854.4,7845.6
24,25,1012.3,11553.7
24,26,540.5,4817.8
24,4,1111.8,12956.8
24,15,599.3,5628.1
24,45,1127.3,13175.2
24,40,723.0,7304.0
24,30,1365.2,15443.5
24,5,576.4,4959.8
24,36,679.8,6897.3
24,0,560.2,6020.8
24,2,379.9,3357.2
24,38,349.1,3463.1
24,48,784.6,8095.1
24,41,524.3,7297.7
24,9,1955.0,28858.4
26,31,1593.6,19533.0
26,35,990.6,13302.9
26,13,1126.7,16529.3
26,32,771.7,9998.8
26,28,942.5,13800.2
26,21,894.3,12946.0
26,34,1216.9,13300.4
26,3,1047.9,11761.1
26,10,939.4,8805.6
26,14,969.2,9291.2
26,29,1057.3,10268.9
26,50,1175.5,11479.1
26,42,1301.1,18759.5
26,20,1276.2,12561.5
26,6,1432.6,14383.6
26,37,850.5,8030.6
26,7,1229.4,16112.8
26,8,1324.7,14102.1
26,27,1235.7,12227.5
26,1,1185.3,9434.0
26,46,1197.8,10431.1
26,18,1291.3,11645.2
26,19,906.1,8913.9
26,22,3233.5,28698.3
26,17,1678.4,23982.3
26,44,1494.8,24830.3
26,33,1402.4,21297.0
26,39,549.9,4267.0
26,49,719.0,6384.2
26,23,554.6,4703.4
26,16,589.5,4704.3
26,47,674.0,5922.7
26,11,556.7,4846.0
26,43,513.7,4262.4
26,12,406.8,3701.3
26,25,613.6,5202.3
26,24,560.2,4851.4
26,4,788.5,7614.1
26,15,273.2,2300.5
26,45,804.0,7832.6
26,40,516.5,4259.7
26,30,1041.9,10100.8
26,5,182.3,922.4
26,36,618.0,5788.6
26,0,707.7,5946.1
26,2,635.3,5082.4
26,38,365.1,3051.0
26,48,1254.1,12227.9
26,41,794.6,9353.9
26,9,1631.7,23515.7
4,31,1907.0,25124.7
4,35,1453.0,24481.9
4,13,921.9,18964.5
4,32,855.4,12447.8
4,28,988.7,20839.7
4,21,978.0,15395.0
4,34,1449.4,17683.5
4,3,1280.4,16144.2
4,10,1463.2,15145.9
4,14,1493.0,15631.4
4,29,1581.1,16609.2
4,50,1699.3,17819.3
4,42,1771.9,29938.6
4,20,1206.6,27610.4
4,6,885.3,14517.4
4,37,1274.9,14330.2
4,7,1700.2,27291.8
4,8,1557.2,18485.1
4,27,1468.2,16610.5
4,1,1693.6,15860.2
4,46,1688.1,18515.9
4,18,881.9,7783.3
4,19,1197.2,15671.2
4,22,2571.3,17991.4
4,17,1018.6,13242.2
4,44,1708.9,29426.0
4,33,1612.0,38169.0
4,39,1036.0,11141.8
4,49,593.9,6744.2
4,23,744.0,8672.5
4,16,1043.6,11180.1
4,47,444.7,4484.0
4,11,517.9,5140.8
4,43,632.6,7224.0
4,12,536.9,5388.2
4,25,292.4,2420.9
4,24,1038.5,12332.1
4,26,723.7,7356.4
4,15,603.9,6684.5
4,45,106.1,1047.8
4,40,513.4,5487.9
4,30,326.2,3153.0
4,5,680.2,7021.5
4,36,701.7,8237.6
4,0,1216.0,12372.4
4,2,1143.6,11508.7
4,38,786.6,9181.0
4,48,1741.2,29599.2
4,41,1008.7,13949.6
4,9,971.9,12775.7
15,31,1719.2,21303.1
15,35,1056.7,14476.1
15,13,853.5,14228.8
15,32,498.5,7698.3
15,28,669.3,11499.7
15,21,621.1,10645.5
15,34,1461.1,15970.9
15,3,1292.1,14431.6
15,10,1005.5,9978.9
15,14,1035.3,10464.5
15,29,1123.4,11442.2
15,50,1241.6,12652.4
15,42,1367.2,19932.8
15,20,1003.0,10260.9
15,6,1244.4,12809.5
15,37,932.5,9380.5
15,7,1295.5,17286.1
15,8,1509.1,15301.2
15,27,1406.3,13469.9
15,1,1310.9,11204.1
15,46,1323.4,12201.2
15,18,1103.1,10071.1
15,19,854.8,10721.6
15,22,3153.9,28897.9
15,17,1598.8,24181.9
15,44,1366.5,24476.3
15,33,1274.1,20943.0
15,39,705.0,5933.4
15,49,851.9,7878.1
15,23,828.3,8047.4
15,16,772.3,7049.1
15,47,776.3,7063.7
15,11,659.0,5987.0
15,43,646.6,5756.3
15,12,491.3,4313.0
15,25,609.4,6410.7
15,24,626.3,6024.6
15,26,357.0,2877.6
15,4,708.9,7813.7
15,45,724.4,8032.2
15,40,243.3,1959.2
15,30,962.3,10300.4
15,5,297.5,2365.3
15,36,344.8,3488.1
15,0,833.3,7716.2
15,2,715.5,7020.2
15,38,432.3,4192.2
15,48,1320.2,13401.2
15,41,666.3,9000.0
15,9,1552.1,23715.4
45,31,1932.7,25606.5
45,35,1356.7,23448.2
45,13,948.5,19263.3
45,32,759.1,11414.1
45,28,929.9,15215.5
45,21,881.7,14361.3
45,34,1475.1,18165.3
45,3,1306.1,16626.0
45,10,1366.9,14112.2
45,14,1396.7,14597.7
45,29,1484.8,15575.5
45,50,1603.0,16785.6
45,42,1675.6,28904.9
45,20,1233.2,27909.2
45,6,911.9,14816.2
45,37,1178.6,13296.5
45,7,1603.9,26258.1
45,8,1582.9,18966.9
45,27,1493.9,17092.3
45,1,1597.3,14826.6
45,46,1609.8,15823.7
45,18,803.3,7014.0
45,19,1100.9,14637.5
45,22,2626.6,22877.6
45,17,1071.5,18161.6
45,44,1612.6,28392.3
45,33,1520.2,24859.0
45,39,991.4,9555.9
45,49,619.6,7226.0
45,23,769.7,9154.3
45,16,1055.6,9213.9
45,47,470.4,4965.8
45,11,543.6,5622.6
45,43,658.3,7705.8
45,12,536.2,4640.4
45,25,268.9,2414.4
45,24,942.2,11298.4
45,26,627.4,6322.7
45,4,181.6,1793.4
45,15,507.6,5650.8
45,40,417.1,4454.2
45,30,435.0,4280.1
45,5,583.9,5987.8
45,36,605.4,7203.9
45,0,1119.7,11338.7
45,2,1047.3,10475.0
45,38,690.3,8147.3
45,48,1644.9,28565.5
45,41,912.4,12915.9
45,9,1024.8,17695.1
40,31,1904.8,22626.4
40,35,1119.0,19467.8
40,13,867.1,13816.0
40,32,512.1,7285.4
40,28,682.9,11086.9
40,21,634.7,10232.7
40,34,1584.8,17422.6
40,3,1415.8,15883.3
40,10,1174.4,11990.8
40,14,1204.2,12476.4
40,29,1292.3,13454.1
40,50,1410.5,14664.3
40,42,1437.9,24924.5
40,20,1021.7,19106.6
40,6,1120.2,11924.9
40,37,940.9,9316.1
40,7,1366.2,22277.7
40,8,1692.6,18224.3
40,27,1591.9,14793.2
40,1,1496.5,12527.3
40,46,1509.0,13524.5
40,18,978.9,9186.5
40,19,863.2,10657.1
40,22,3021.3,27198.1
40,17,1466.2,22482.1
40,44,1374.9,24411.9
40,33,1282.5,20878.6
40,39,890.6,7256.7
40,49,902.9,8237.2
40,23,879.4,8411.6
40,16,957.9,8372.3
40,47,710.3,7121.4
40,11,710.0,6346.1
40,43,697.6,6115.4
40,12,542.3,4672.2
40,25,476.8,4710.9
40,24,704.5,7318.0
40,26,542.6,4200.8
40,4,576.3,6114.0
40,15,267.0,2039.5
40,45,591.8,6332.5
40,30,829.7,8600.7
40,5,483.1,3688.5
40,36,358.4,3075.3
40,0,1018.9,9039.5
40,2,888.8,8509.5
40,38,452.6,4166.9
40,48,1407.2,24585.1
40,41,674.7,8935.5
40,9,1419.5,22015.6
30,31,1957.1,25809.9
30,35,1581.3,25793.1
30,13,924.9,18666.4
30,32,983.7,13759.0
30,28,991.7,20541.6
30,21,1068.8,21067.4
30,34,1499.5,18368.7
30,3,1330.5,16829.5
30,10,1591.5,16457.1
30,14,1621.3,16942.6
30,29,1709.4,17920.3
30,50,1827.6,19130.5
30,42,1900.2,31249.8
30,20,1209.6,27312.3
30,6,888.3,14219.3
30,37,1403.2,15641.4
30,7,1828.5,28603.0
30,8,1607.3,19170.4
30,27,1518.3,17295.8
30,1,1754.3,18611.5
30,46,1738.2,19201.2
30,18,828.7,7474.0
30,19,1325.5,16982.4
30,22,2467.4,16805.5
30,17,914.7,12056.3
30,44,1713.1,41317.0
30,33,1615.0,37870.9
30,39,1086.1,11827.1
30,49,644.0,7429.5
30,23,794.1,9357.8
30,16,1093.7,11865.4
30,47,514.9,5133.2
30,11,582.3,6846.6
30,43,682.7,7909.3
30,12,607.1,6037.5
30,25,369.8,3210.9
30,24,1166.8,13643.3
30,26,852.0,8667.6
30,4,146.6,1381.0
30,15,732.2,7995.7
30,45,234.4,2359.0
30,40,641.7,6799.1
30,5,808.5,8332.7
30,36,830.0,9548.8
30,0,1315.4,15034.6
30,2,1271.9,12819.9
30,38,914.9,10492.2
30,48,1869.5,30910.4
30,41,1137.0,15260.8
30,9,868.0,11589.8
5,31,1578.0,19524.6
5,35,990.5,13208.4
5,13,1162.5,16309.2
5,32,807.5,9778.6
5,28,978.3,13580.1
5,21,930.1,12725.9
5,34,1319.9,14192.4
5,3,1150.9,12653.1
5,10,939.3,8711.2
5,14,969.1,9196.7
5,29,1057.2,10174.4
5,50,1175.4,11384.6
5,42,1301.0,18665.1
5,20,1312.0,12341.3
5,6,1472.5,13844.7
5,37,850.4,7936.2
5,7,1229.3,16018.3
5,8,1367.9,13522.7
5,27,1265.1,11691.4
5,1,1169.7,9425.5
5,46,1182.2,10422.7
5,18,1331.2,11106.3
5,19,906.0,8819.5
5,22,3255.7,28604.2
5,17,1700.6,23888.2
5,44,1493.3,24829.4
5,33,1400.9,21296.1
5,39,563.8,4154.9
5,49,828.0,7479.1
5,23,694.8,6239.6
5,16,631.1,5270.5
5,47,752.4,6664.7
5,11,635.1,5588.0
5,43,622.7,5357.3
5,12,467.4,3914.0
5,25,674.2,5415.0
5,24,560.1,4756.9
5,26,271.9,1571.5
5,4,810.7,7520.0
5,15,309.0,2080.4
5,45,826.2,7738.5
5,40,552.3,4039.6
5,30,1064.1,10006.7
5,36,653.8,5568.5
5,0,692.1,5937.7
5,2,619.7,5074.0
5,38,356.9,2980.3
5,48,1254.0,12133.5
5,41,793.1,9353.0
5,9,1653.9,23421.7
36,31,1917.6,24115.1
36,35,1072.0,19020.2
36,13,720.0,11969.8
36,32,365.0,5439.3
36,28,535.8,9240.7
36,21,487.6,8386.5
36,34,1668.7,19397.9
36,3,1499.7,17858.6
36,10,1127.4,11543.2
36,14,1157.2,12028.7
36,29,1245.3,13006.4
36,50,1363.5,14216.6
36,42,1390.9,24476.8
36,20,811.2,8121.7
36,6,1136.7,18785.0
36,37,893.9,8868.5
36,7,1319.2,21830.1
36,8,1707.5,18113.2
36,27,1604.7,16281.9
36,1,1532.2,13624.1
36,46,1564.0,14352.4
36,18,1036.7,9734.5
36,19,816.2,10209.5
36,22,3078.2,39142.8
36,17,1523.1,34426.8
36,44,1327.9,23964.3
36,33,1235.5,20430.9
36,39,945.6,8084.7
36,49,1010.8,9557.5
36,23,987.3,9731.9
36,16,973.4,9858.8
36,47,869.4,9596.8
36,11,817.9,7666.4
36,43,805.5,7435.7
36,12,650.2,5992.5
36,25,635.9,7186.4
36,24,657.5,6870.4
36,26,597.6,5028.8
36,4,735.4,8589.4
36,15,374.9,3359.8
36,45,750.9,8807.9
36,40,318.3,2404.2
36,30,988.8,11076.1
36,5,538.1,4516.5
36,0,1034.4,10525.9
36,2,891.6,8867.2
36,38,445.7,4435.8
36,48,1360.2,24137.5
36,41,627.7,8487.9
36,9,1476.4,33960.2
0,31,1106.9,14998.5
0,35,1018.1,14805.5
0,13,1687.5,22975.8
0,32,1332.5,16445.3
0,28,1503.3,20246.7
0,21,1455.1,19392.5
0,34,987.6,9996.6
0,3,822.4,9914.5
0,10,799.0,6909.0
0,14,828.8,7394.5
0,29,916.9,8372.3
0,50,1035.1,9582.5
0,42,974.0,9630.3
0,20,1653.3,32667.2
0,6,2016.5,20663.8
0,37,878.0,9533.2
0,7,1256.9,17615.4
0,8,1003.0,10290.3
0,27,900.2,8459.0
0,1,606.6,4635.8
0,46,619.1,5633.0
0,18,1875.2,17925.4
0,19,933.6,10416.6
0,22,3487.7,28081.9
0,17,2159.4,24403.1
0,44,1558.0,28177.4
0,33,1459.9,24731.3
0,39,340.1,2697.7
0,49,870.1,9335.4
0,23,671.6,7268.6
0,16,270.3,2324.4
0,47,966.4,10304.5
0,11,845.3,9101.1
0,43,797.3,8642.4
0,12,852.6,7376.7
0,25,1130.1,9987.5
0,24,587.7,6354.0
0,26,739.7,5876.6
0,4,1274.3,11716.6
0,15,857.1,8580.7
0,45,1298.5,12158.1
0,40,1086.3,10905.4
0,30,1511.1,16894.4
0,5,794.9,6280.4
0,36,1095.8,11707.6
0,2,236.7,1785.1
0,38,667.5,6840.0
0,48,1038.2,10285.1
0,41,1033.4,12977.9
0,9,2156.8,26517.1
2,31,1281.6,15585.3
2,35,879.9,12955.0
2,13,1512.9,20980.0
2,32,1157.9,14449.5
2,28,1328.7,18251.0
2,21,1280.5,17396.7
2,34,1057.0,12722.5
2,3,888.0,11183.3
2,10,588.1,5189.3
2,14,617.9,5674.8
2,29,706.0,6652.5
2,50,824.2,7862.7
2,42,953.6,9163.4
2,20,1515.1,30816.7
2,6,1841.9,18668.1
2,37,739.8,7682.8
2,7,1118.7,15764.9
2,8,1095.8,11437.9
2,27,993.0,9606.6
2,1,660.0,4822.3
2,46,680.1,6246.1
2,18,1700.6,15929.7
2,19,795.4,8566.1
2,22,3546.6,27581.3
2,17,2150.0,24253.8
2,44,1419.8,26326.9
2,33,1321.7,22880.9
2,39,324.9,2634.9
2,49,935.7,10604.1
2,23,739.8,8537.3
2,16,361.6,3185.7
2,47,972.9,9012.4
2,11,855.6,7935.8
2,43,815.4,7368.3
2,12,804.5,7282.7
2,25,1074.4,9511.4
2,24,410.3,3515.9
2,26,623.7,5774.6
2,4,1226.2,11622.6
2,15,682.5,6584.9
2,45,1250.4,12064.2
2,40,911.7,8909.6
2,30,1475.0,14164.5
2,5,657.4,5242.5
2,36,923.9,9217.7
2,0,236.2,1963.8
2,38,492.9,4844.3
2,48,902.8,8611.6
2,41,890.6,10614.2
2,9,2120.7,23787.2
38,31,1495.6,19941.1
38,35,785.2,11571.8
38,13,1048.9,16216.3
38,32,693.9,9685.7
38,28,864.7,13487.2
38,21,816.5,12633.0
38,34,1246.7,15223.9
38,3,1077.7,13684.6
38,10,759.6,7651.9
38,14,789.4,8137.5
38,29,877.5,9115.2
38,50,995.7,10325.4
38,42,1095.7,17028.5
38,20,1079.6,10828.4
38,6,1391.8,15608.9
38,37,645.1,6299.6
38,7,1024.0,14381.7
38,8,1285.5,13939.2
38,27,1182.7,12107.9
38,1,1110.2,9450.1
38,46,1125.9,11447.5
38,18,1250.5,12870.5
38,19,690.0,8762.9
38,22,3281.5,30882.8
38,17,1726.4,26166.8
38,44,1201.7,22517.7
38,33,1109.3,18984.3
38,39,551.6,5141.3
38,49,905.8,8432.8
38,23,741.4,6752.0
38,16,551.4,5684.8
38,47,860.8,7971.2
38,11,743.5,6894.6
38,43,700.5,6310.9
38,12,637.6,5894.0
38,25,737.0,8395.6
38,24,343.0,3283.8
38,26,323.7,2866.2
38,4,836.5,9798.7
38,15,376.0,3132.3
38,45,852.0,10017.2
38,40,447.7,4145.9
38,30,1089.9,12285.4
38,5,359.6,3008.3
38,36,451.4,4453.9
38,0,612.4,6352.0
38,2,469.6,4693.2
38,48,1065.0,16689.1
38,41,501.5,7041.3
38,9,1679.7,25700.3
48,31,1645.9,18908.7
48,35,488.8,6307.1
48,13,1409.7,31485.7
48,32,1407.0,32083.0
48,28,1408.4,32075.3
48,21,1336.0,29030.0
48,34,1722.1,16784.6
48,3,1644.5,26523.8
48,10,338.4,3512.8
48,14,281.4,2936.7
48,29,243.1,2243.3
48,50,308.1,2502.4
48,42,90.8,728.8
48,20,1211.9,25178.1
48,6,1812.5,39438.4
48,37,864.6,13646.7
48,7,511.3,6091.7
48,8,1629.8,15945.1
48,27,1692.1,15462.6
48,1,930.2,8108.1
48,46,611.3,5742.7
48,18,2155.4,42387.8
48,19,846.2,11454.2
48,22,3704.5,55554.7
48,17,2149.4,50838.7
48,44,1116.6,20688.3
48,33,1018.5,17242.2
48,39,1118.4,17980.5
48,49,1679.1,22968.6
48,23,1451.0,20943.4
48,16,1118.2,18524.0
48,47,1648.1,22620.3
48,11,1530.8,21543.7
48,43,1490.6,20976.2
48,12,1473.4,21015.9
48,25,1645.5,28512.0
48,24,741.0,13819.5
48,26,1159.5,17988.1
48,4,1745.0,29915.0
48,15,1218.3,18798.4
48,45,1760.5,30133.5
48,40,1356.2,24262.2
48,30,1970.4,45573.4
48,5,1195.4,18130.2
48,36,1313.0,23855.6
48,0,1041.7,10292.7
48,2,906.8,8884.3
48,38,989.3,16495.1
48,41,886.2,11047.9
48,9,2102.7,50372.2
41,31,1875.3,25704.2
41,35,595.2,5741.6
41,13,1273.7,29495.5
41,32,936.0,14455.2
41,28,1106.8,18256.6
41,21,1058.6,17402.4
41,34,1626.4,20986.9
41,3,1457.4,19447.6
41,10,964.5,11321.3
41,14,994.3,11806.8
41,29,1082.4,12784.6
41,50,1154.4,13231.3
41,42,937.1,11457.6
41,20,1075.9,23187.9
41,6,1633.9,20378.4
41,37,439.9,3410.2
41,7,865.4,8810.9
41,8,1665.2,19702.2
41,27,1562.4,17871.0
41,1,1493.1,16213.4
41,46,1457.6,16471.6
41,18,1492.6,17639.9
41,19,209.3,1771.4
41,22,3523.6,35652.2
41,17,1968.5,30936.2
41,44,974.9,18785.4
41,33,882.5,15252.0
41,39,931.3,10904.3
41,49,1363.7,15156.5
41,23,1230.8,13728.0
41,16,931.1,11447.8
41,47,1212.6,15575.5
41,11,1170.8,13265.4
41,43,1158.4,13034.7
41,12,1003.1,11591.4
41,25,979.1,13165.1
41,24,494.6,6648.5
41,26,807.0,9472.3
41,4,1078.6,14568.1
41,15,698.8,8454.4
41,45,1094.1,14786.6
41,40,689.8,8915.3
41,30,1332.0,17054.8
41,5,748.1,8736.6
41,36,646.6,8508.7
41,0,992.1,12115.0
41,2,874.5,10005.7
41,38,492.4,6937.7
41,48,906.4,11118.2
41,9,1921.8,30469.7
9,31,2058.5,39487.9
9,35,1798.6,44122.6
9,13,1119.8,21931.6
9,32,1409.1,30345.3
9,28,1186.6,23806.9
9,21,1263.7,24332.7
9,34,1739.3,35796.6
9,3,1644.8,34925.6
9,10,2296.2,30735.2
9,14,2326.0,31220.8
9,29,2321.3,51460.4
9,50,2334.8,51352.9
9,42,2117.5,49579.2
9,20,1404.5,30577.5
9,6,944.1,11677.3
9,37,2107.9,29919.5
9,7,2045.8,46932.5
9,8,1878.2,37396.2
9,27,1958.4,37518.0
9,1,2544.0,31449.6
9,46,2556.5,32446.8
9,18,1338.2,15998.7
9,19,2030.2,31260.6
9,22,1868.7,8827.7
9,17,219.3,1843.4
9,44,1908.0,44582.2
9,33,1809.9,41136.2
9,39,1908.1,23208.4
9,49,1466.0,18810.8
9,23,1616.1,20739.1
9,16,1915.7,23246.7
9,47,1336.9,16514.5
9,11,1404.3,18227.9
9,43,1504.7,19290.6
9,12,1429.1,17418.8
9,25,1191.8,14592.2
9,24,1871.5,27921.4
9,26,1556.7,22945.8
9,4,968.6,12762.3
9,15,1436.9,22273.9
9,45,942.8,16634.2
9,40,1346.4,21077.2
9,30,842.9,11435.0
9,5,1513.2,22610.8
9,36,1505.2,33688.2
9,0,2049.0,27961.7
9,2,1976.6,27098.1
9,38,1619.6,24770.3
9,48,2086.8,49239.9
9,41,1841.7,29539.0
